Powertrain,Unit,Value,Percent
BEV,Vehicles,659560590.5,80.82102536628705
PHEV,Vehicles,149686735.0,18.342265412280856
FCEV,Vehicles,6828179.0,0.836709221432096
